alpha,beta
0.9303980259117361,1.735183793124467
0.7584440541419998,1.4104223005774736
0.7616474694820297,1.447831653789437
0.6991666297770617,1.342428807720338
0.8677526713241637,1.5545330368512735
0.7607433010644279,1.4125363447173829
0.7583429126854591,1.378607458372215
0.8214938609996516,1.5714519762718975
0.8418901184310403,1.453247280123866
0.8700144350174441,1.553542137223989
0.8298286699774344,1.4807116792272619
0.8254250918168764,1.5463185842632485
0.8468374806750656,1.6114499084008251
0.8573430168612883,1.6705730371231842
0.7116513057161498,1.3954203687516298
0.7999336924842018,1.5329772868015428
0.7737219022217408,1.5085743860690464
0.849270255012298,1.5727373414540753
0.8113919195813182,1.4744442536019715
0.7775372239738274,1.478676473061623
0.8171073146856784,1.4981556548216985
0.7774184035282453,1.5288887479994218
0.7717123011750378,1.4339117862669233
0.866619904866889,1.6054614153741276
0.8024585940857125,1.545756917669153
0.8193072979138749,1.5646921637935294
0.8231186002998431,1.5561292478928586
0.7839591718109378,1.497233037833461
0.8395222168034409,1.5125322050884584
0.7601464364809163,1.4020315298809511
0.8063867219595192,1.4790551519101371
0.9574002794575838,1.8105661669863284
0.7603608643240289,1.4519353350961566
0.6902099072914033,1.3925128583942183
0.7885745320103565,1.553250447870874
0.8261474130056751,1.5305737729020288
0.6255214572523707,1.3473827614168774
0.7672099117555492,1.4575695602351284
0.7248308607650882,1.3549906512347962
0.8303434876618205,1.5220014609014632
0.7771241513638123,1.4851497192889802
0.7821716993899307,1.5176773229822018
0.8109993041603968,1.4810168725869781
0.7952275238885054,1.502562481970877
0.835782758343048,1.5482223331422786
0.8289374498115194,1.5168005115056795
0.8974039487820469,1.5929707363938108
0.8763110923747083,1.5523680818950876
0.9184086446301357,1.6111110776271218
0.787349824799386,1.439083051578531
0.778866781750733,1.5448054395240158
0.8564548947192494,1.553538031707764
0.8371433094888359,1.5974857902587354
0.8155976413745251,1.5315583877723404
0.8166172021285649,1.515361414133326
0.861956380322746,1.5439612018130753
0.7997796549023455,1.5419545908418406
0.7065044653597048,1.3344316682906516
0.7614464885384389,1.4527394032480663
0.8890522773246395,1.699496282871129
0.82778968478407,1.5917098204549756
0.9095501660540104,1.6809714716406563
0.9017331561966064,1.546412006005561
0.7175786682001644,1.50437662382387
0.8827973857481811,1.6554636373740017
0.83064398942007,1.5614397553820658
0.7512882336881296,1.4018365753324988
0.752568751199512,1.4119270573859266
0.8452489094767799,1.5797898665725367
0.8799715935134889,1.5992925460979959
0.7163594733530698,1.410041740339674
0.894387092865251,1.6491223526582002
0.934384472046732,1.6546700818001447
0.7126088076495939,1.436927700390489
0.865434305122338,1.569217029629896
0.8843989759949876,1.6481170872295932
0.834190192914096,1.5123146663428657
0.7288992853849874,1.5276776692871257
0.8173069084346352,1.5794033520748276
0.8585233038007286,1.5896311616924175
0.8151982722819913,1.5417547764431576
0.8214086397650578,1.5064171666518522
0.8443943230314019,1.5879929622640252
0.8639111684163652,1.600009272341862
0.7566857101549813,1.483521391159629
0.8126958443850276,1.5452049361550448
0.7470733962509672,1.3775337738684734
0.7365167189556646,1.4183543663956204
0.8183896088385616,1.5594958307887405
0.9069307401440382,1.6569822885221572
0.7956774657790527,1.4132309406976142
0.7919465096420275,1.5048661358392763
0.8160703107213958,1.61818071714541
0.6946359257591082,1.247679396640236
0.9246990675431355,1.7013915967562265
0.8771960617214111,1.6799728397573688
0.8030586248916183,1.5250046806283486
0.8535812404603842,1.5380924326654433
0.8073078187969476,1.5105797826959289
0.8876395636875158,1.5598291329221963
0.9232167653465979,1.621850230632084
0.8143550466014411,1.4571296617073843
0.738307118813097,1.37884559362462
0.7897232735332109,1.5254675768565673
0.8026047360273032,1.5203263667060263
0.8248197932315625,1.5133014649139218
0.7610288594777084,1.5101193996090103
0.8202008475128926,1.4695010054954694
0.9157475912776645,1.6428088066659392
0.7960058648733348,1.564004869082594
0.7716094389141235,1.4629692559935803
0.8723164941227849,1.5653244580386119
0.7115835323874798,1.410545921469109
0.7380909211618645,1.476190550260652
0.7309154548719803,1.3492726177422325
0.9263661573321282,1.7099345282857445
0.8347585478321554,1.618004581423977
0.8904629011081373,1.6416374252038806
0.9050154917429768,1.6885501579757736
0.8019204184976119,1.504032578693287
0.7825240288169664,1.4771732557560209
0.8054188718336546,1.5433980082985412
0.7844378370035495,1.4753979850587944
0.8596366709086358,1.533367349297202
0.779640213952769,1.4648541293723258
0.8081783967068603,1.5343984104403827
0.7555081070232861,1.5228457553222898
0.8999890020821285,1.7064146961773097
0.8217558677195308,1.5663407544855832
0.7745526575177033,1.3917327182582968
0.9144098047385859,1.7108324266409611
0.6915963859990029,1.3883835082787173
0.7737496800667052,1.4914397551643526
0.6717544509015978,1.4760581866886935
0.8264535635832577,1.4970249598324759
0.9560184405773536,1.693277582565307
0.7863696350676734,1.519670047251846
0.7594320337300203,1.5099322517543787
0.8244530226509587,1.5568063831441055
0.8486321015567193,1.5137240723662828
0.797968627179316,1.498135743645261
0.7661425840323626,1.470048238272508
0.9308926304165518,1.6405813767410842
0.8980547744580707,1.5872616073574028
0.8100679680238497,1.4550491327016688
0.6902664004674339,1.3013628108534385
0.8482514612855752,1.574546454672666
0.8490568029714278,1.5262959251701385
0.8361859973569843,1.484504964027812
0.830109897819737,1.5908753290359616
0.7281556838980532,1.358014501445013
0.766938768864519,1.422372758907582
0.8865035508189779,1.6313525961952797
0.7407862971512084,1.4028351937553714
0.8498395022602845,1.6431102818252212
0.8566615817277133,1.51759427915778
0.8232053212639987,1.589632336467449
0.8654526695355479,1.4803753945055513
0.7819503793766358,1.3709661649754077
0.780138225893829,1.5167015168901485
0.8257718212718936,1.6208385223471478
0.7860402047199688,1.571004640373841
0.7962649805587447,1.5589762869166446
0.7889157511983558,1.5359665717241628
0.7095721740492047,1.4413682030497097
0.7760305707794176,1.3639527608905249
0.7991321528875014,1.5071541368136343
0.8119735655246674,1.5002534900780256
0.7098891844497804,1.3231198070249544
0.8074913370173096,1.4687114131021348
0.8847039252456388,1.6323895008000964
0.8533600033367339,1.5870226769051237
0.8023809616694968,1.517171301510605
0.8196352940322805,1.547540904617028
0.7404628421314683,1.4674461873748577
0.9648958950268044,1.6520089701786187
0.7025943319434717,1.4324497912631093
0.8957369185930131,1.7295475187475289
0.7053942558974714,1.4381309446002888
0.6860191703321465,1.40078603136407
0.6765674155655245,1.291541659399898
0.8072377070082155,1.5829443694304943
0.850817470880993,1.5577848540136552
0.8467203720690714,1.5912922880492681
0.8406068072257119,1.5768863681891028
0.927396798317225,1.679787731832839
0.832736534433574,1.5610517719717016
0.8278269073570187,1.5413463954428916
0.8874597829662627,1.6592167265861957
0.763006514954257,1.4451154431534368
0.6789701510289154,1.3658180699121525
0.8005475973883014,1.5332447462997236
0.7392192696044257,1.5036637508589803
0.7285936874035539,1.3690701472590807
0.8363618496514317,1.526335280329045
0.8764420423449802,1.665215469794635
0.7091144943039698,1.4033547765168726
0.8189562233431086,1.5445200365793883
0.9123676877239169,1.6720557032518113
0.760434327834778,1.4680526755939227
0.8249820284472209,1.5837292154360942
0.8094780134789519,1.499811092540951
0.7381671739195932,1.470195327353926
0.7990229327621401,1.558121796990394
0.8594300518612179,1.498669090226703
0.685488581408903,1.3991047407605277
0.8650013960557726,1.6155438440774819
0.6974016523661725,1.4248260681461145
0.8577278854467515,1.5647879616380014
0.8799667861618535,1.549275804423394
0.8585969122641475,1.6781428422002551
0.9378645933779479,1.752949694950788
0.7515180371456182,1.4389267244292772
0.8849966498567627,1.6244599589105357
0.767420624762135,1.454398089213658
0.7675614958624434,1.4796813942967357
0.6444541823081236,1.2954817099651437
0.8676357391918977,1.534830347455157
0.8878477005844634,1.6352772594513465
0.799770949106469,1.5417105926681507
0.758325393428632,1.4685964615235498
0.7179628516510538,1.371541533466654
0.7023625543424448,1.4464353384398418
0.7303507380740473,1.4006174108595757
0.7686852861900009,1.444282245528643
0.7651789160142961,1.4614146145410345
0.7252983719933846,1.381090618879404
0.7206914300448799,1.3929622469067795
0.7805579597223296,1.4832868609862566
0.790636689858342,1.4923539008173874
0.8112509775201392,1.5449266225187686
0.8649047192044266,1.6084570509845673
0.7315076374046349,1.4165016946292164
0.7951926588206824,1.4800540725317388
0.9026227482091547,1.6635517692363568
0.7429434348857293,1.4285864425823167
0.821380191947515,1.5605440661615997
0.7536664241396013,1.3132651445295875
0.7865386267752756,1.5987301532434175
0.8874890847793623,1.6418762178795516
0.818697468380164,1.5486522066541972
0.7422078788316593,1.436856294773486
0.8427991655700189,1.5737211116051208
0.8561142912248083,1.5690246039357203
0.7261285406092711,1.3825111450855274
0.8305403478516744,1.6576668472951415
0.8123886790987539,1.6040353268339596
0.8840657348459247,1.5566395397305994
0.7300978241574907,1.3651173547160136
0.81464016779031,1.4015297177581103
0.7840201965678782,1.4721453467226056
0.8920868671102951,1.71092138499744
0.9445524912251823,1.699787081462921
0.7940050221997856,1.4996989239662797
0.7158846945434426,1.4306623225565227
0.8393816754986212,1.524637115689729
0.6976947351767271,1.4044376816344086
0.8239136685128186,1.4820075778499175
0.7822148712044854,1.5755829814995286
0.775186331260307,1.4259942488499582
0.7739592307186637,1.4739330700374365
0.9575218726169435,1.6896259913589513
0.7392505468284283,1.3790533873589625
0.8167118459434994,1.5263894535681048
0.7412709349320247,1.4701200394681013
0.7841016923628323,1.4826467087069288
0.8227363579483503,1.4827041566655574
0.8273019763928104,1.582133432622299
0.840290502831824,1.522476444203117
0.87159901311112,1.5882195688508955
0.7630216415583848,1.450792141983943
0.867808830436249,1.6049353938297994
0.7705012844886774,1.442250395146348
0.7638491845657972,1.4485536585157892
0.7637082830624781,1.5455039127770689
0.7478432808354893,1.5384444552998107
0.7877494496674362,1.4582858638940632
0.8494466644948786,1.5803932979767628
0.9124268074378565,1.6421266229359675
0.7401881461707129,1.417432557902551
0.8594380401932549,1.589618354990693
0.771945789847954,1.4938906322438255
0.8447897543470148,1.5045758100039026
0.7597665961544702,1.4122539558978282
0.8827207412827957,1.5680275554564802
0.6536438898145797,1.4627972105842686
0.7584808626670279,1.4467269616624316
0.864522455823746,1.6371358187190321
0.9304356929765514,1.7228195808819609
0.7887392021938223,1.4943098766369955
0.8499725422368071,1.5456709044968135
0.7733600104128051,1.4200443165998518
0.8247853811370652,1.540543843364324
0.8582770095359704,1.556961578409784
0.9230223561128178,1.6889918603478553
0.7249776657059172,1.450405599843119
0.7755881715694056,1.5308830180593758
0.8619833613439292,1.6164423904952283
0.7406755926478232,1.4291168482975338
0.8800990636823681,1.5967966875489272
0.8067052231514538,1.4993457834470054
0.7714499083137674,1.4834329044515924
0.928202317787894,1.7413555413291006
0.8544911772986922,1.5832783039970173
0.7566413222121321,1.4535158390996645
0.907641344169265,1.6290435366463665
0.8214790380116664,1.46279283640982
0.8320369037859924,1.5335556482610504
0.8384811354233502,1.528261281004919
0.9309765186168262,1.7198488282471396
0.6588057069297659,1.3737759571575612
0.811587647618377,1.6004094258967365
0.863385089420849,1.6576319146075553
0.7468002840950824,1.4850845712818141
0.7326071024501464,1.432177099550583
0.7292623965880685,1.35691990790597
0.8680136425178011,1.5234687639094031
0.7703081045475849,1.5007481003713303
0.8042118950112983,1.5126894040004837
0.883529136911607,1.616499954753764
0.8937083639764578,1.6676659225311292
0.8564078167593991,1.6223631038239184
0.8135165502932049,1.5786131593948283
0.8897794707716925,1.6770666082582246
0.7595791814988145,1.4381663086595222
0.8937716767673877,1.6086840429560472
0.8700146808879181,1.6637066423080091
0.7800815885667102,1.4883700122371173
0.796391101497909,1.4829709260115909
0.8773188812808769,1.5339055676802433
0.8138543401591831,1.470145092084457
0.9209057008528867,1.6938086523629265
0.7758880656949937,1.5046180413136396
0.9050190123479429,1.7244528229962073
0.9267708360421953,1.6597785901231985
0.8756027833455517,1.5592124289600569
0.6886504902341091,1.419030996183721
0.7919562077936351,1.5016097638678492
0.8292825673347167,1.459144046306728
0.7189386375010305,1.436178328170095
0.8023945185416297,1.4963337622797623
0.9064000077085366,1.6202497350963048
0.7499008443722356,1.4757297780688785
0.7241801286366747,1.4042804718098343
0.8499818227857355,1.6261518821099619
0.812170797245397,1.5559809890006213
0.8368714572798998,1.5006726851282688
0.8196945704036118,1.5195950871048018
0.7785026617494141,1.435324329019883
0.898725408618293,1.688184297740568
0.78402591431294,1.4660913310414754
0.7543229329139078,1.3716266825821224
0.8155819032737136,1.5616910572836726
0.7022210313581283,1.3627102760062244
0.8826800910096891,1.5906639439960457
0.936531928298044,1.6494138738825455
0.6833804288419749,1.4040688306683944
0.7804608064204924,1.5091005401045396
0.7159763970720057,1.4240862248761492
0.7179457603729019,1.481824246074752
0.7469612307267715,1.4755321324858957
0.7849000121158085,1.488178483277686
0.8052125623227603,1.4826386657253943
0.916161702319149,1.6198962467740752
0.6913459150889341,1.3747098033542133
0.8956382859296386,1.6390263508816936
0.8826837273089335,1.6101504963412627
0.7902329821383545,1.493942139132035
0.841264034111673,1.5341905619271028
0.7232564681508643,1.4330475937990985
0.6924694795712013,1.3673880387201398
0.8158471984952921,1.5192414281767095
0.7044980082213526,1.3908542883541164
0.80263825792099,1.562175386185698
0.8252334146239511,1.5017823269626889
0.9793721865232855,1.7062035902557062
0.7919748884355802,1.4994607237006876
0.8683939090786688,1.6303397120790004
0.8410945979862219,1.527658990601374
0.8694154160729032,1.615973384788993
0.7730760348026302,1.5444815325448562
0.8319835043722222,1.5363533887187044
0.809187874050719,1.5626217543529521
0.7584341951261149,1.4195018295868151
0.7464775447674251,1.4404499006809388
0.8752367996879759,1.5785463104180513
0.8031740243233969,1.4108350870738435
0.8072203865742585,1.4899575524633955
0.9519466034991972,1.7325621949625414
0.8610745484422755,1.6417663784407535
0.8305778116543785,1.562467740685855
0.7756057150704647,1.4619261819540967
0.9251016509014328,1.6768739858947832
0.6584107478311864,1.2745123361398174
0.7432881458466105,1.407129862410875
0.8182914384697102,1.499334147428351
0.80832344660525,1.4992876102304495
0.9127596137620937,1.6238405460171528
0.8157264461489624,1.5083935940684314
0.7537737851114694,1.3857684317368204
0.7757299071096766,1.4764530064972927
0.7285859982564855,1.4778297664421385
0.9391247934703107,1.644360804979771
0.8154087827441817,1.5668210622080156
0.7966069304233925,1.5090404421445909
0.8255300030981461,1.6499950234790157
0.7957562070139419,1.5051222044136698
0.9518798222237606,1.7265314528098696
0.8462594176040464,1.5022373081580107
0.7841036017778912,1.5566521971342162
1.0180089802003764,1.7546675012035529
0.9452883665135001,1.7402792754206393
0.7637961494453017,1.4609792364038574
0.8777488799844002,1.5357928374592091
0.7740049891125751,1.45773794411798
0.7967960663096605,1.5222217599136068
0.853564873763538,1.4523123147604977
0.8071808222911114,1.5193029871952164
0.8032286167201971,1.4918316997853047
0.744594632579593,1.4194398807475341
0.7464942072540597,1.4741886142593585
0.7507022300347713,1.387367697640199
0.7855560592472952,1.4955562784199394
0.8125588106483209,1.5048237281170602
0.7817833449896325,1.4841046229814805
0.7825325516474978,1.4722905288828945
0.8550077872033023,1.6348407223881682
0.7059198901060859,1.4788646029619166
0.7664430682715656,1.4483580721011011
0.8240357073597238,1.5455120585978237
0.9029778615270259,1.7215982019779308
0.815812398688376,1.508467836219939
0.7868053042677979,1.539134196316839
0.6812944474864562,1.4045804599226983
0.6689472432631918,1.2388388016683476
0.7280666164124961,1.4314049939279248
0.7373295574183164,1.4210517866440557
0.8053506455052101,1.549725620881986
0.7945792995859942,1.5261733116807672
0.7267254156592968,1.4614127905530732
0.7358311533191807,1.4224621526717822
0.7588588122028483,1.3822431935978852
0.8771275997487239,1.5648991701857573
0.8336499823974802,1.521174947283531
0.8089620916667791,1.5449520987020962
0.875000013945491,1.598946333741412
0.8326636047108799,1.5346470510403776
0.8264834248826529,1.4659030492692848
0.7675800590141453,1.5347168341073014
0.8651420178965059,1.6002527488734353
0.6997455129054636,1.3392979871486663
1.012632957006196,1.7039917029561122
0.8465106473872506,1.635564868155236
0.836542732948445,1.5528875679908605
0.7663399019845429,1.3697145370840438
0.7510013343160387,1.4007653579732322
0.7924574463318397,1.4546679450386413
0.7747337578854354,1.5144106762108203
0.8774577721728144,1.6077190533427819
0.8938435573710487,1.5538110528379054
0.8587462763875419,1.559467152993673
0.9555846950129949,1.6395999075055379
0.8017199049573519,1.5098398924220153
0.8517376462537903,1.537110042189242
0.8313196514234086,1.5228561900204856
0.79543249045702,1.4652534560475061
0.7740550774888705,1.4814691782765597
0.7862900666435069,1.4816873855141635
0.9219915522542346,1.6485805594597542
0.8803783973982935,1.5363083399722341
0.7793782096644468,1.4836142395903489
0.6936705787088109,1.3831563826748723
0.8379227187639919,1.5467623740917587
0.822062884065735,1.560365751506707
0.8567026283757609,1.6018176089252067
0.905432343602415,1.6914534741152027
0.793803941043834,1.5000952149205296
0.7908062350609704,1.535418567839815
0.777685360422463,1.4246612306200443
0.779455124215007,1.51452717180599
0.8166227744670066,1.4973685333751017
0.8164694640339214,1.4872198014574018
0.8004114682041426,1.5231117520833628
0.8648601835258917,1.6084070199179081
0.8358383959627317,1.5484987130145258
0.8260104252796208,1.5048551410649509
0.7487315565777133,1.4166719023844692
0.8035966201992929,1.4499965361543885
0.8967094174451695,1.5986339023334915
0.8266779859433143,1.451029076507551
0.9307485843437475,1.6170610174606734
0.7674350907968515,1.5533885118171062
0.7834857538744542,1.4598124198085942
0.7861179820362049,1.4977270846049322
0.7604957610990803,1.4435123476434084
0.7050895309978628,1.3258121620659087
0.7728172057054352,1.508974571476428
0.8587288915064555,1.5396008257841314
0.8320337768084488,1.553234984009776
0.9483537071750061,1.6437884692501945
0.7130150204097941,1.4476974611883149
0.7276592320074584,1.4306754349112958
0.7797579566479413,1.5011576785983252
0.7671514115422083,1.462189469480172
0.7985473148294988,1.4880303453101527
0.7966508126217985,1.5328461264232387
0.7669513041772013,1.379313230717862
0.8219027074052836,1.4909128510922431
0.8583279095251758,1.6302693568240312
0.8193248201861874,1.5061992072970356
0.8916648831799692,1.6809439524597216
0.7597448976461938,1.4644311928641123
0.8152788745476138,1.5684059814120308
0.8173896512256038,1.4876017165545914
0.746504610481703,1.516468743899598
0.7082741925172279,1.3548574873436867
0.7197653039079446,1.450210802928412
0.7687829546199404,1.434207172381883
0.8445016199395774,1.5675320745029482
0.6804491984180512,1.3540403570280963
0.8622845338676156,1.5461790612140547
0.887674869706836,1.5882450166005615
0.8249358446549199,1.4930330098436309
0.7891320611596726,1.4981758199740611
0.77821313850904,1.5148159836267563
0.8121890779014183,1.539860589050438
0.6970690398906787,1.4266843829399374
0.7405800828543818,1.4639595955415925
0.8772936122044275,1.5981235410459305
0.7251689268368329,1.3710495542333703
0.7188865539194429,1.4385530814543523
0.8267068717538646,1.6029747991072452
0.905667373194759,1.5922553218166415
0.8104521914499422,1.5065460859533226
0.9067826022452528,1.6064934830381268
0.7903599666405523,1.4665130897197463
0.7992531420784985,1.4987725213595335
0.8020398482294013,1.489703038232759
0.9065260744439764,1.6762664326014998
0.7382977495106576,1.413157383569154
0.8242129736869309,1.5356868210977268
0.9028478818490724,1.661854570630569
0.8757059514419917,1.6198764305416709
0.8195629642186607,1.5636756015815498
0.7591086637417069,1.3996407525301786
0.7212642637315323,1.3793253967762202
0.8249450803789646,1.549041248362919
0.6873407962413798,1.3323451503122066
0.7590496472409864,1.50123539097192
0.8626134829815726,1.5201341021741852
0.8639222738995134,1.5731642729132131
0.6681598195355319,1.33943255922578
0.7665909372182804,1.5260424687638547
0.7520903364665975,1.5012436723382891
0.8248535423568075,1.6098232741393916
0.7612344292235289,1.4192899617784756
0.7592122823566886,1.4084171332299247
0.8734097743983211,1.6239320158124584
0.9029125633181248,1.663738808784096
0.7428642987760785,1.476297235300357
0.8450306986837104,1.5999081285144368
0.9066018329336544,1.6426296287166406
0.7016694718352426,1.3894450326554593
0.8300050238108347,1.5073126556946135
0.7562487345170372,1.4311993328763695
0.705387863817564,1.363874973453024
0.8733253164749709,1.596968141422997
0.7649258577238072,1.4678548774722355
0.7291772301358715,1.3333401772999516
0.7498069251781889,1.467013010541931
0.8669541237954351,1.5975820285580387
0.8106920022286671,1.5086510950652823
0.841930327604213,1.5819152112167556
0.7733391412536391,1.41914349193248
0.8116787181038989,1.554746834619356
0.7187409463970809,1.3838850408117114
0.8900184730400383,1.5876742294489004
0.7608614902283528,1.5138351101503271
0.7227858174099102,1.362243728941536
0.8070208032951443,1.4872092803486276
0.9698939378957193,1.6953377693768996
0.7000415209879383,1.3979042856345405
0.9411963604139658,1.5989064566779327
0.7863626803868501,1.4813269036038827
0.7838479369379552,1.52227692907642
0.8967773637198311,1.6634381231001258
0.7623892943404247,1.4591394506363313
0.8639618456212286,1.6193445936554896
0.7292747129240276,1.4323427171039769
0.7776589915305147,1.3906880063356666
0.8477380329010297,1.4748931184478784
0.9031634779271343,1.6758820484542571
0.7467173145924973,1.4806008819551364
0.8230457386429428,1.6020467384030503
0.8003360771234878,1.4684597307414056
0.7542998340876346,1.5057962074380669
0.8813141541512168,1.5870468268543325
0.8252036757713268,1.5220573412642622
0.7364740114114648,1.4069244723979129
0.7903671782049175,1.4707895668942217
0.7593019784209266,1.4456647571555896
0.8591184065039125,1.6165541603948832
0.762900797111764,1.4769814622265207
0.9293834721898742,1.6756909468327394
0.8729158170140192,1.5818819467425425
0.7338203425343804,1.4403840160379937
0.7956470879437725,1.4835703856070948
0.8979821666484972,1.5920484357531377
0.8120971057442342,1.5462033975894642
0.7645398112748207,1.4932581134438347
0.825473784380228,1.519178209573183
0.8156014685666133,1.5727839475696417
0.7553247796185122,1.4009330478408333
0.7708823463587033,1.4295410365098515
1.0270226902057114,1.7566119328208278
0.8899700110734807,1.6178642938169487
0.703889683004342,1.452762244706359
0.8231591496490857,1.5451474197719817
0.8508153197620194,1.5748454203517959
0.9036225100376741,1.6417242444263427
0.759168186701723,1.4970116423362256
0.7199590647735711,1.3950625610192553
0.777526249916467,1.5254360575330095
0.8203414693570875,1.4444929824597987
0.9504441232946088,1.6210119769602984
0.8302849027146554,1.4718872019138272
0.7571265175618138,1.4579337285811658
0.7468197156748868,1.4061760314894753
0.735288343053263,1.4213047833072654
0.9533554131279335,1.673737067814009
0.8498444066814004,1.5843032661218723
0.7165846840908743,1.5130393239914857
0.7473355988058522,1.4236697646869754
0.7955986082485127,1.4874458724606687
0.7935155854792045,1.5315384078477665
0.9281473114178176,1.682780097387151
0.8736699682614624,1.5566404564277814
0.7942257390858534,1.5441869484494928
0.9112158971008415,1.740981842856045
0.7444079818906162,1.3586510971580745
0.7862733179339445,1.4272181395623647
0.7741436724260696,1.406189337467005
0.7371340245447608,1.5327519747546596
0.8638726447962759,1.5722682934473162
0.7794735956837524,1.48179096916158
0.7876532007938934,1.460787408174784
0.8592315544529348,1.5189159852551073
0.8988450733667612,1.674964496823268
0.775370538856672,1.4760157904673474
0.9767169777053222,1.6933889974669822
0.8245118298764081,1.5895971481968094
0.7950686421665966,1.5095386460412124
0.8401771798886455,1.60715952644847
0.8209435146779781,1.57093990532882
0.8530078851439813,1.5517914906806642
0.858872129594977,1.596722586414481
0.7280313268036642,1.3528199937003649
0.8772987314948282,1.633739648109024
0.7987757476110907,1.4629957339342388
0.8438978585877057,1.5511056126431164
0.7652038559951586,1.518158077028477
0.7538831859857239,1.4667940586287909
0.7774798730888532,1.4629615811248637
0.7739622481719901,1.466554620691337
0.7832905137463599,1.5519406449393656
0.6365063357724983,1.3641885963382698
0.870201030961636,1.5965546173360456
0.7924961991786459,1.4526924591832786
0.6797950399571949,1.482602416274122
0.879536274185649,1.627906037208488
0.7938640068890457,1.5707459092047138
0.8722933311275296,1.5473894044038148
0.9151446507964062,1.6203731988449839
0.7857641120529045,1.4862121669170154
0.7861754625424002,1.4008498977943993
0.7600864479050472,1.377222214237112
0.8972812723067085,1.5918056853247646
0.8660464968624637,1.6346665937831393
0.712388853341399,1.4524114601850755
0.8471393694844298,1.643605271466484
0.9384446948160956,1.6210607229110798
0.8421150828013303,1.5312141700648227
0.8774735895110678,1.5981883661658678
0.8593976957905558,1.559971511097375
0.920796520369804,1.6489384963219837
0.8530135592759845,1.6449127526523961
0.8375194597916542,1.57489219598751
0.9420866757947167,1.734239209068463
0.7462730074262605,1.4235290252129673
0.844366984474416,1.5560058468932878
0.7831053721711898,1.4980054128489892
0.8259998996827536,1.5982116626357759
0.7693465598267502,1.4780390824764646
0.9209869122556569,1.642205932394651
0.901339446493963,1.5787679476558445
0.9318341724921768,1.658708873831713
0.8602637402075177,1.4865114105537391
0.8800352555107787,1.6337719711274539
0.8052778328580859,1.46909499188193
0.779313747097707,1.5126731362445653
0.7776978326288341,1.4433798348337552
0.7416802233356372,1.3926255709562672
0.8087507631412443,1.5290792984476056
0.7912992363787051,1.5012005133242559
0.672031380009274,1.350099430151968
0.8388151796056623,1.6234247146574767
0.8668413932346817,1.5345735456247511
0.7526078514658284,1.3954993350445124
0.8081884830188327,1.4788609102952446
0.7893740581604615,1.5739353441493267
0.8777573957644473,1.56116142947072
0.853616227472525,1.5893263010141876
0.8044389458643405,1.5046456291168373
0.8731936892173991,1.5228482394572715
0.7411743049501763,1.3379822090492413
0.8959164479204857,1.6370517939272973
0.8215303665647133,1.504682861402404
0.7147267156914283,1.4159534667898397
0.7607411237706646,1.4644708022241817
0.8060491287292331,1.5718075421648159
0.7897712522322639,1.5278934203982781
0.851410336005384,1.5738396582278296
0.7635612562211613,1.512783199660022
0.8256167266076364,1.4655740498050376
0.8385772043838021,1.5994765451037498
0.838828157050498,1.5152302354615692
0.8165202439932172,1.4943078227540736
0.7954747813281191,1.5235574016379578
0.9300194603618136,1.6154657970247568
0.9546945997621928,1.7584941643554715
0.7175311880358245,1.3556397150752333
0.7735161926957738,1.487202187474249
0.7406327601346342,1.5042579346264973
0.7861225442285226,1.4693913484049395
0.8435363371219546,1.4758572132360521
0.8221247930711404,1.633392374162638
0.8617708452920674,1.4683910644956568
0.7867342266620431,1.4252977335137613
0.7625164859524673,1.4963541668200848
0.6395780662578218,1.2985592314967895
0.8990112160540605,1.7483804665046088
0.8551432350036652,1.6066428510634723
0.8212330756741881,1.483032928990052
0.7981171751319232,1.5153033086852699
0.8157004979479061,1.4676739108354417
0.8064250067012702,1.4911485205221178
0.8526785337032032,1.4914773227693008
0.6613142995775493,1.3201394934422066
0.861529494389863,1.5479672421670103
0.8221246466372717,1.5850087780562332
0.7674108899390878,1.446179346993218
0.7619233862580398,1.4601088839767313
0.7456783718134798,1.459417777184207
0.8554189401061935,1.589141274195351
0.7539567969153407,1.4829521417971558
0.9776172133219576,1.6551559236441613
0.9191965602656322,1.6561327493441578
0.7964211332393955,1.493948389190095
0.8364807701647873,1.5595246637766071
0.7697380102372915,1.4424941075159063
0.7367847559762882,1.429015383752698
0.738472621133105,1.3948025471133927
0.7904606221203943,1.4892355837203834
0.7296201903084499,1.4346033246713275
0.8969641053446049,1.691298599554998
0.8001694921545643,1.5303643633893482
0.7765637201769218,1.504239786004938
0.7574569020110089,1.4219822118825012
0.690073184331617,1.2836859491356145
0.8109713159592427,1.5057375695962492
0.6860777512016998,1.3483522380518114
0.7528355081776543,1.4959002800845291
0.7934206095714833,1.5710475255894258
0.8054249455385638,1.5607616315571118
0.7301419776313615,1.4079039834734395
0.7317364673718199,1.3789212404240963
0.8426642972982309,1.4834361456803495
0.8950176784045376,1.6382582859153527
0.9046380313278558,1.6201898017031635
0.7894037195460152,1.4436755407609088
0.7652526345250852,1.444085247097332
0.7864570806218674,1.4677594141837624
0.778112315231988,1.4501532372087793
0.8681804992868862,1.463690125264034
0.9089099771920855,1.6876321410174029
0.6604827612048534,1.323282083794795
0.8444088575511148,1.4844124550515823
0.7387925085416388,1.4561451135832297
0.9097299861121328,1.6868478113138314
0.8719092508143921,1.6306833029166832
0.9202547534118424,1.6664645259166193
0.9973543055265964,1.7409892554457966
0.7227925273348337,1.4160400078226065
0.794544010544159,1.5430194864217173
0.78215521209579,1.4849232593583936
0.7407055371347033,1.4002652559907534
0.8104662010205812,1.5477340769101842
0.8776543203539421,1.6275895339262212
0.7298664693954531,1.4305186533582201
0.7385952950345087,1.477090937068841
0.7745231745365176,1.4794619700831477
0.7010654272983116,1.389610489267531
0.7734364883727467,1.5257354739630802
0.7898157219472483,1.5032371222671777
0.8267450756280872,1.5366670544158405
0.8427965349637844,1.601045075814569
0.928108648224056,1.6452732301518966
0.7669343451314243,1.497883856007364
0.795541332370094,1.3787459232812072
0.7448228324101202,1.4673044400082222
0.7593424674915813,1.5063042850234791
0.8740691736297111,1.5888707748601218
0.8331115819073943,1.54343831233012
0.7821007242896141,1.496660937166098
0.9034907918073841,1.7170329285331167
0.8663724612543175,1.6070141321726252
0.915872240695903,1.7117266955323915
0.935285219222969,1.7695913067603937
0.8445859292829139,1.5237308162872987
0.9281676058928887,1.6788370671521018
0.9153357090563674,1.63984971098658
0.8327299414487859,1.6165343898603277
0.7420162345250898,1.4558721815395375
0.8857788392768922,1.6438870103842012
0.8450925837319516,1.572627308386128
0.7095770305330045,1.364157888135021
0.7170293649836204,1.4702596562744055
0.8448765289652207,1.560941410124525
0.8297689523280457,1.601222366672547
0.6769652728368636,1.3384500655422096
0.9168402616584111,1.6054676264908672
0.7593322155012542,1.5328957929002092
0.7735322356178886,1.5038859792243455
0.7805315166855475,1.5051410839459758
0.9199767196477714,1.6489870523613903
0.8073455671318783,1.5046938577491138
0.7566818926893493,1.4935623858932159
0.7146876095394256,1.4437858584659438
0.8060804423369744,1.5049222023775424
0.8124471604694752,1.5173057419140854
0.7415615210107984,1.4171211412896305
0.8257898949657568,1.4900807845970334
0.7555450334372747,1.4945733706285167
0.916047268285449,1.6423574202158615
0.8116209982090616,1.5157531105071653
0.8238874650898642,1.6286853321797248
0.800900078579353,1.4886456061527484
0.7373279525207099,1.3680540671975299
0.8936962018721387,1.5913025875376912
0.8868266081277579,1.5686267685071011
0.8565388588471571,1.5478801855495739
0.7856070586070164,1.5542536684280313
0.8043614214385508,1.4856757217608263
0.884667633828767,1.6891452996273604
0.8992114420826803,1.6898898916478697
0.7740949799723003,1.4856213719281113
0.801818713233468,1.5358789410706526
0.7206082506971536,1.4248695770907331
0.71114497417195,1.4225877194194085
0.8510285525920793,1.595155356841556
0.8105573319437483,1.5586460158789033
0.870418044227123,1.596372264208811
0.8326467718539826,1.55777135687898
0.7912537881577032,1.5461672036637273
0.690821067034636,1.3601175871340023
0.8072177360661876,1.5031742391750043
0.9283716575092545,1.694728423672685
0.7530855067034257,1.5083036966470478
0.7619654646642396,1.48369048404202
0.8308426603731341,1.5518204128139361
0.8005192463014763,1.5586841957312243
0.8009325579489797,1.5297299376481828
0.9373355670160423,1.7412262741277658
0.8956673867785472,1.5912614512798062
0.7603750196657777,1.4879111527151916
0.8698137734521447,1.5351678535084528
0.8027645180199268,1.4268123586215518
0.9044035929800415,1.646057847914678
0.8025001720611032,1.5301714365183585
0.8940112001729454,1.6685821927375506
0.729219226718492,1.3954473365853648
0.8253087900305058,1.568955684447152
0.8041052780622198,1.5194237164232542
0.8008933342947415,1.55855278629693
0.7926894816837372,1.4715798093445676
0.799306778418739,1.6115761553538004
0.8181221406296233,1.4935437317262976
0.7379839521811776,1.4457363993380195
0.7943022811038185,1.4943823587082632
0.7927486534133615,1.542424738884713
0.8460224779383531,1.5394906604000342
0.857242678728724,1.5700547384002812
0.8111424571182649,1.5549553662960598
0.803106301126318,1.538355453333523
0.7535531351853058,1.4507791334559998
0.7651704830671568,1.4134300139053964
0.9614733949649031,1.7092891863603574
0.7057292979581047,1.429360222712321
0.7950239299384155,1.5693582474549022
0.8329688173437664,1.584305918985676
0.8849895831293725,1.679669110956361
0.7632432796098437,1.547944451561635
0.8682606046882295,1.560008352574565
0.9493723916931385,1.7401595271565191
0.8300199295520609,1.5393199295626747
0.7064543309577822,1.3391541067788393
0.7535590388943916,1.5939081748122907
0.9187641887163315,1.6174293398885902
0.7811082190200244,1.467922389972969
0.8268052316770453,1.5050492269204743
0.7382922314453926,1.5286081005876238
0.7270540172724917,1.4423853655391938
0.7748726910665782,1.4893016901838627
0.7523668415065776,1.491950950381251
0.7618983243141795,1.5066651190094598
0.9207134095675531,1.6734320138375258
0.9646782199937414,1.6002956980489491
0.7996317442525698,1.4647622652262133
0.7685196523103082,1.468510906541139
0.6998318485836155,1.390987710804958
0.8400685277676784,1.6285757754310792
0.8309583353934328,1.5838295042781758
0.8966851518792519,1.6439641587699467
0.8344416890825666,1.553450151559808
0.7848120360506321,1.4544429733540034
0.8304969368561939,1.5381196946007802
0.8903440026800202,1.5535708163272395
0.7935978395855632,1.5619523491401939
0.885646883744052,1.6225530239971198
0.7353300609583637,1.42159187221834
0.7472393539933285,1.5623250348854938
0.8711889515014599,1.6111769882284768
0.8022249457924011,1.5202486334753336
0.726871283208364,1.4611853226081823
0.9031553195525279,1.5649401744244806
0.7754729048834734,1.5821576220102258
0.8450811006006229,1.5560019070858515
0.7593055150486838,1.4949542023400295
0.7882245102098302,1.477608667844637
0.7242050782979726,1.375173904254858
0.7794867443775618,1.5976237156149853
0.8694345752533569,1.589981995730221
0.8653708943961784,1.5918974495418332
0.8090647498180693,1.5936581806104688
0.8000125942748675,1.4710340420999466
0.6935601474122028,1.3559927343820672
0.7758443160683645,1.4169251172053992
0.8647291299766421,1.613325639705577
0.8894211324958554,1.6343331359945066
0.7817902321484785,1.5201673102420399
0.8333698932945773,1.5094687677366214
0.7489241526486575,1.4486269013805813
0.7283432947624007,1.3728686492141458
0.8621132868594942,1.5721812805919955
0.870707023627356,1.596571893660957
0.6711022539509167,1.3656611129418412
0.8437607262664066,1.6369429743989057
0.8838217508324311,1.6437373974688172
0.7058579835223078,1.3981300764795523
0.7547613310740277,1.455053830221924
0.7755484045217962,1.4686543891980635
0.7947061228259441,1.4790122855280907
0.8618216279314584,1.6176801746940943
0.9156711114488176,1.718102246139487
0.7082339483353687,1.4381497416404658
0.7682966549947747,1.4077177337581928
0.7418507667653942,1.4789246501300615
0.7971157871285223,1.5195631726376126
0.8236886596033494,1.5735633792184065
0.8169586724279494,1.5741371492042613
0.8259178675433159,1.485045919211681
0.895712269438545,1.6355359575793758
0.8147370506901427,1.5515184014805103
0.7120532259668443,1.4105818096025629
0.7130762955605255,1.4172300945009835
0.7450055509846871,1.4525776284165766
0.8914292904209652,1.6287118914318706
0.7765087759751832,1.4533002328541
0.7995019643739879,1.571295449484432
0.6878011817844359,1.3590485998407829
0.7230217495258279,1.4554680152124042
0.8260817764831775,1.6118431251127707
0.7880044549556591,1.4191735897568858
0.9137913331180267,1.7003963597436174
0.8521657604946961,1.5704783673124045
0.8273714355204136,1.5681460221304135
0.7461504436212351,1.4511027393914286
0.7149888212338771,1.4614095569932208
0.8345972870141636,1.6277659550243606
0.8450497948845251,1.613257940562033
0.8297917893656115,1.4880696691876392
0.8454123550584439,1.5534673919170217
0.7869090997006194,1.510754240186427
0.8165094093940333,1.569137830831607
0.8572299152436529,1.5896863924065068
0.7552547239937654,1.4678878445692236
0.8213931218516886,1.4928619705496782
0.8121679119142965,1.4846544644418835
0.8139821307059965,1.5291255298239848
0.9093427796073358,1.6693986178417612
0.7230913366310537,1.4166138632447116
0.8238829960527388,1.4368346488869383
0.8945072534833891,1.607227890373715
0.8252369946968655,1.5593423002754772
0.7723408255880704,1.4595169169082491
0.6296776227237717,1.309337869688281
0.692914180710351,1.4019255201577718
0.7084697728654782,1.3618018164557475
0.7689074357381,1.3535370094079489
0.8007994221362806,1.5171044779105454
0.8042832686843013,1.5664308024855336
0.7915308252732125,1.4935497097888755
0.8270901963318351,1.5851018273962951
0.8539607367928604,1.6069664538578503
0.9621078346864352,1.7126428166400496
0.8387761397319785,1.5874174365456604
0.8909327398711517,1.6115290312706252
0.8341031454448048,1.4914284794498682
0.6812850983711207,1.370425285247934
0.8591222721480524,1.6177253665326392
0.7310631857136343,1.3814191059616157
0.8744096846184763,1.6566093707093408
0.7663098462469292,1.4930810909157504
0.8532521422117527,1.5622969414813492
0.7711135700666956,1.4665581158127927
0.8176108241208513,1.5006566125995946
0.6596692089231992,1.391383974541327
0.8144322564168957,1.5049311373222416
0.8496606587459576,1.5557237765238139
0.8564915109987065,1.54412112262889
0.8354097117770815,1.6854572959047696
0.844708896026299,1.5427214966944267
0.8509026887952182,1.5922315383089134
0.8614180861341048,1.50751072651064
0.8296867784261294,1.5644060453783997
0.8219109048428316,1.5129082126289704
0.7895207313252375,1.4622405520711372
0.6141405610396935,1.3412632057231344
0.9143956579527935,1.6376431604857957
0.7117389183789244,1.3961859544877342
0.9152885515979026,1.560084876191713
0.6956206977232727,1.4393261518190128
0.7923569679917878,1.4102458053220452
0.8724630856489277,1.5513855447478537
0.9392230772942368,1.6984430524761902
0.8657578997295218,1.5526960494996662
0.8096413601679389,1.4955015490275176
0.7144445214261333,1.4180788573475127
0.8825412336900731,1.69191452909664
0.8409004616836562,1.6174317588857856
1.025749617534654,1.8181655726926662
0.9132631675034037,1.6377287001715133
0.8235389960081709,1.4742463108871968
0.8285037877888493,1.5473104205790635
0.820640486851482,1.5523469629503517
0.8871250469432195,1.571148151417498
0.7256029247433342,1.3894951956175357
0.8003332617052681,1.4258433358242586
0.8903885476585162,1.664175353156273
0.8601582757420566,1.60009971303826
0.8639771234238847,1.637602881508018
0.886452848262314,1.6802098345391028
0.8325902767237636,1.4473094829160578
0.8616574047047327,1.576112812933653
0.7393084175311149,1.4120268117920225
0.735436921987633,1.452967169021555
0.7678989804275904,1.4258820092904196
0.7179397660615072,1.3790127545930437
0.9443583692978713,1.6777301756043066
0.9164354702200754,1.6333877664410297
0.9073293384583297,1.6609923792309957
0.7965227793303273,1.482304985946565
0.7721351105566516,1.4974578132533307
0.6969564423297461,1.451981996792719
0.7415035214622767,1.513925695259279
0.9341488850466871,1.6750235987579705
0.7329375780634335,1.3992641151403826
0.6251748299524987,1.3216504855620024
0.812381898234694,1.5037371795483128
0.8236885601066171,1.471521210261714
0.7962886192292704,1.4703745742800773
0.8770258232194592,1.5990981011320264
0.8302866017487471,1.5084302218956012
0.8824913109500538,1.6023318190557168
0.7853846020339492,1.4454655260289444
0.7163726808810674,1.4329061063227118
0.7474849630635313,1.4222545724942102
0.8485315699748223,1.573564329416277
0.8333825602653854,1.599680255341394
0.7046844679859757,1.342774190033886
0.7144231459097754,1.4580859060482236
0.7955104809729532,1.5627301187600806
0.879775107510623,1.593266246341283
0.7592704869104281,1.4353992420134527
0.7536023087735171,1.463958435766966
0.7595644554156832,1.5190972278919084
0.790057923642544,1.3993364639206418
0.8476642721570404,1.5534499123393266
0.7971225104121381,1.4832861374838153
0.7182111108387458,1.3801014329306573
0.8712592017095556,1.517455639232057
0.6967626971531854,1.3790925595987469
0.8810102863995724,1.568100895411886
0.8611545610080774,1.5720873853209851
0.7466344614484204,1.482363811653578
0.8324527608650789,1.458225439386606
0.8223595979688734,1.4392564660753449
0.9065658862485743,1.5957691389405353
0.6977208092407285,1.379193893918417
0.8318515162263517,1.5102556998898795
0.7870798239449687,1.4850956274011746
0.7873435601330661,1.5384633651893667
0.7829656733911752,1.4609104470071506
0.9016830591608922,1.5889313807237833
0.810531367752955,1.4915540779091627
0.9044690310690516,1.7432452906400542
0.7004497143923223,1.3209519164794297
0.9311937049837578,1.6497155033359228
0.7406062764565723,1.417130288119019
0.8457200510703926,1.5131347822293766
0.7990755221209218,1.4877488259813882
0.8579797544043213,1.512131995010133
0.8279033040329214,1.588470022336152
0.7761241564241813,1.4637411631866988
0.7862219193656812,1.4231811439722115
0.9306259358489919,1.6167809801814732
0.7020359628693852,1.3643043919023987
0.8526903749447423,1.5593096664286172
0.8386290691907474,1.6362627067300615
0.8729427756724817,1.615216375768836
0.9049688595918494,1.6516081561241402
0.7232632265120089,1.375894034008232
0.7995120325416705,1.447375632768023
0.8992004731570468,1.6089930083040773
0.8123145013300419,1.522425647660457
0.6724380061379627,1.4105900218647147
0.9186218209198378,1.6722956628209478
0.9276270076614734,1.7529747293371174
0.6439645738727351,1.3333421737100188
0.8818045051010288,1.7215136312046897
0.8234392207388591,1.4298834545435763
0.8076379338175795,1.5569999003268962
0.8334637505778945,1.576382082101153
0.7512081624787598,1.394633765279253
0.7812342897411635,1.5809688485127846
0.8800844355921322,1.576339426850617
0.7599873593674076,1.501699212888591
0.7876509365379314,1.4848550897680886
0.7551093738045837,1.4490955526756608
0.8494249029620716,1.6052411719232405
0.8244990810918855,1.5604398416820442
0.6348107343733184,1.3457692789683613
0.8056501044965227,1.487613970044005
0.7985722950119876,1.5067705808051688
0.9401452682902183,1.7139042062796863
0.805641698919837,1.486776813548718
0.8731704420255318,1.5963899656295937
0.8266085148795908,1.6768198093158313
0.8284341031445511,1.5889782433809774
0.7582526666965954,1.4009687836892601
0.8068518648347017,1.5766724754702492
0.8484666954114487,1.5682266034472487
0.6879136355988007,1.4379427073931983
0.7731864269818274,1.468371528770288
0.8145266852934688,1.5303254251807483
0.7863756959984838,1.5344065986951323
0.7568097852255626,1.4137295025402927
0.7839394689854059,1.4788282804005726
0.9240813363375546,1.6252462260782006
0.6856752327165854,1.3492147939525188
0.8872499224889804,1.6186002733349016
0.7964893872383062,1.5211880975952778
0.8660194879338148,1.6703974317013837
0.725118202617022,1.4264828195226964
0.7197318293214786,1.483506364837229
0.7441298082269623,1.3822009988212205
0.9369766837819635,1.6541028599994079
0.8148182022104935,1.5375144237628084
0.7944382898136265,1.5297741136880891
0.9424949406717638,1.62781608957943
0.7919011062005863,1.5085365152676966
0.9051147741486064,1.577240682242516
0.9310921125685068,1.7430166403020877
0.8889109228645495,1.5466844088209162
0.7472409834175642,1.4251292410580478
0.9963663329392913,1.774310564462635
0.9462943652037235,1.6665810047179783
0.8063609513935853,1.468794530178515
0.7120889751912961,1.4125141966760173
0.836712104285294,1.5881759979948418
0.9385113211138219,1.6205175240681977
0.8262206014071498,1.595891863421425
0.8933000852310232,1.5975332339832584
0.8322362385842099,1.5493481664641007
0.9171946002578584,1.6070746569296106
0.8893438498566153,1.658835273100788
0.7601013937001252,1.4951456721892247
0.7670018687193296,1.5623419403200023
0.7575156430225007,1.52988173769078
0.858628020367146,1.5665838613073664
0.841547625729562,1.6177006934402014
0.889095303805289,1.5745129112852423
0.696872748137904,1.4038199221014787
0.7417704482450822,1.4854626031760776
0.8091872001289216,1.485591050503288
0.7936368496316116,1.466395361385193
0.7899252136454122,1.5734671400584068
0.9016244058978359,1.6605032066100376
0.8489236285186654,1.5090214131932322
0.7875019293053315,1.503155749970459
0.6942062539909981,1.4056301330579515
0.8206783048510212,1.534744890241198
0.7125563206323025,1.4740656055845913
0.7695169830267755,1.5446498528420614
0.8076365182062138,1.552034184813684
0.7907395330910026,1.5456379342335569
0.8353545855917304,1.567992225401397
0.8683346587075023,1.5971581100422656
0.9434309704637652,1.6413098044087366
0.8952069583170186,1.5694422397803902
0.899653487023782,1.6329802811101652
0.8424686101675597,1.5541873567962874
0.8128137309518318,1.5235962977195716
0.726739510122476,1.2747223035416484
0.7792648786090731,1.4521727238849722
0.8565182494323251,1.5932100280724566
0.7569631120688933,1.4338673298063422
0.6950329317572397,1.4234400263416094
0.6419956011278984,1.314165337938645
0.8704532846497307,1.6614224987690733
0.815480269012675,1.5919431058193614
0.8408211679699007,1.5499063800845463
0.5987976815999261,1.2343476443414583
0.7181660345132347,1.4118430156452673
0.8556033400203831,1.5501403553637847
0.8599323409809534,1.565253944966777
0.7617793101490882,1.4647340433888059
0.9402100664885478,1.671455934563805
0.8012573595012219,1.518377386494893
0.8743091805760685,1.585617981333229
0.8505266813915643,1.5545356026309984
0.8232771655905423,1.5110526856006687
0.8988260566433548,1.5757844092012427
0.8191254029789653,1.527825533154779
0.7258732787812133,1.4762724668880842
0.653539419443198,1.2876916087288577
0.9565589811752291,1.624306623703611
0.6503412212210178,1.3299813422602564
0.755660487781338,1.414487364529765
0.848738316493127,1.6057156259350889
0.7559548765582955,1.502085575305156
0.9078554312064305,1.6746848464140123
0.9595362190518204,1.7130537518927464
0.8011736642755154,1.4515073796854838
0.7388199313815293,1.4135701559051517
0.8223465879143138,1.5626904143385931
0.9564671734854296,1.7308707817771132
0.8957454738819935,1.58430909194885
0.8165848067630539,1.5424433780546623
0.8544456056014673,1.5590520650267814
0.937056870809471,1.766568380810767
0.8919496375185109,1.7174366713283773
0.7767387059147671,1.4705643885004844
0.7958561280936,1.4132251751757834
0.8557717084949383,1.6472080262003546
0.7386519659047304,1.4498202902979358
0.7138245930638035,1.471179339031349
0.7523523063956272,1.3806928645347676
0.8736246085347478,1.667980505875825
0.8057428218799204,1.5114259136208728
0.7445877998302844,1.470279060204331
0.7437408800160684,1.3971266755998688
0.7148225013254765,1.5022600743097012
0.7450650540022717,1.3657502221883804
0.9651609461849644,1.8174878372695178
0.8228855546475172,1.5833532879067296
0.7779382852473733,1.6040784391490268
0.800133855493819,1.500652815093206
0.9046785005625777,1.6163262753381284
0.7863269520219958,1.498101912572598
0.5994288847673248,1.2989703585951122
0.8164030396665575,1.4900666591006835
0.7715736018871484,1.4636886121679558
0.8121812333245569,1.5371607926063948
0.7592833821202358,1.3874168294092877
0.8200667023226706,1.571409584602743
0.8277790861403571,1.5306509693608032
0.7646451516166692,1.472963311285422
0.7569074725507131,1.5170303889904233
0.835535108141739,1.6087039999693853
0.7994111054616522,1.5082422884810347
0.8700310944491421,1.5874919981781492
0.8888726543362623,1.6853014609972283
0.8448967660547435,1.5539214611214083
0.7554515707741262,1.4313091059449354
0.7602286766886399,1.4702822744182664
0.7205492139422499,1.5093590465210318
0.9122455220829631,1.716504013566106
0.8370125829701011,1.5731476187686857
0.8922062351637217,1.5104302941742414
0.8052575099857147,1.4975554341941169
0.8391293022067521,1.5217098122805033
0.7411944019236463,1.4423550587719791
0.7287870700342463,1.4410825798289737
0.7665608089834004,1.4382902708947594
0.8161907939798394,1.501960552380748
0.8515328576622125,1.5329636501807518
0.7959400900466,1.5333833482960268
0.7357063585764001,1.422082942520362
0.7770560630726397,1.3679877280392985
0.821699811067637,1.4542488422613604
1.0046050884451867,1.806783074068412
0.8543206991037451,1.651002494608501
0.7492812701079592,1.3950395873845454
0.6543621315612507,1.263191877171996
0.8758494805454089,1.6625340565253794
0.7490323275769736,1.4459868748899716
0.8148125088108178,1.4446038378261599
0.8259298827436887,1.4948738316109493
0.7676983720065939,1.493709264476533
0.8920398008338808,1.6205497725231421
0.7594927160421793,1.5250292345903402
0.7955264096778856,1.4690909535685048
0.7269040548706267,1.405055218192632
0.7356662707307344,1.4089452472420008
0.8272660950299493,1.5450074304226142
0.9221349714173116,1.6973126789710618
0.8344533246853618,1.548234430292336
0.7964640080808529,1.4452335782515384
0.7253269914486311,1.3635371810185701
0.7292049757968111,1.4273765618715244
0.8287306042545242,1.5279605764794573
0.8232732412693023,1.5441155415558179
0.8383034952463637,1.5092769440665583
0.7748514931349446,1.5898115216962776
0.8541005942634528,1.544887410696643
0.8169859246507558,1.4900211333967333
0.7854076500510746,1.4814071387052439
0.8651788787953844,1.6167862612801127
0.7798002175269091,1.528693752946357
0.7599188510632422,1.53767145201477
0.9148675140630367,1.6500444458578243
0.8836817215989783,1.5728709605492766
0.7556296167611122,1.498510661164513
0.8953290910011853,1.6736009938042733
0.8116022443664945,1.537258495238338
0.753289453024916,1.4180476893777143
0.7463294158653508,1.3865358233053824
0.7293644635936682,1.4155408438586112
0.6849289653659804,1.433711724874756
0.8177550030973171,1.5199503550783753
0.7735841543628836,1.5396578678245962
0.901474168929918,1.7136150252356583
0.7837869987036972,1.5171158920177346
0.8461647013651111,1.5060236468488883
1.049958239138781,1.881527026567563
0.7822251093520465,1.4098867965932376
0.856684505733762,1.5798576313899988
0.8171579191663358,1.4871395204325755
0.7113054020246412,1.421999775836481
0.8035564589271771,1.4891869752289641
0.6843179263981476,1.4457366093360613
0.6054855864859251,1.3001821531765057
0.773082571680546,1.4799273821582017
0.7481050276611416,1.3703331423006742
0.9263747944752281,1.6114552986188118
0.8141068377967103,1.514711045774949
0.8983903520266374,1.6871855980754473
0.888883369469273,1.5621846980882605
0.9993843304937678,1.6992741020903621
0.7999544669140222,1.5359843981456434
0.6892801488429996,1.393388343952782
0.8960986241184093,1.594860719985966
0.9352863438007681,1.65208608054415
0.8138780646924414,1.4840770705284938
0.8362508785912025,1.5977226292308075
0.7501860827233334,1.48983729258557
0.7493115020626436,1.482985821710036
0.7083298293359002,1.3657657592340702
0.7776734988202413,1.5013591460314513
0.8161122252574079,1.4846503809653107
0.8026060420416747,1.5227136114222057
0.7603881542468757,1.391081439716337
0.803298213548222,1.464620831568117
0.8124527058901827,1.5210905689909227
0.7865711476306669,1.4749932155041787
0.6403898797988812,1.381007809626594
0.882096284185786,1.586370378770947
0.8335855782005275,1.5386115566435967
0.6985071593298994,1.495519000221649
0.8190292861852202,1.5203333659901366
0.8142349795824945,1.558135690399736
0.75689618581535,1.4289146628675065
0.7713135515708394,1.5290513939635502
0.8630213454697246,1.5147274399966155
0.8244282172905318,1.5478770565793818
0.8729673960206272,1.6260307346177727
0.7432026103918812,1.4736281682875587
0.8888315328611396,1.6216258644759682
0.7633933623283242,1.529248535386125
0.6692287844560155,1.443341870699511
0.9265229181647212,1.69077677884946
0.7987723904631452,1.421998226128503
0.7059900333711358,1.409844069643824
0.7734881033242741,1.489283532506876
0.6668521056382646,1.3984584210197615
0.7325615704596766,1.3649693863672903
0.7501493211878687,1.421435618671056
0.8726257736981139,1.5925715049706932
0.8847477709481801,1.6964343956887258
0.6698564934859246,1.40654485284213
0.8397246053196256,1.6224075310923514
0.7348772489158817,1.4228479223753538
0.7395576899283617,1.4255224261001556
0.8377310339280276,1.5545869314499718
0.707812303744202,1.3353992872252092
0.7223111968245691,1.421246895178533
0.8504212992319615,1.5847771708505833
0.831451719431784,1.5666942301474094
0.7687416950953823,1.4905631134992452
0.8867525323315674,1.5710660674516783
0.9360812928945407,1.652242515731669
0.8131153677760581,1.4952291221147094
0.7339257367811265,1.4707807989625012
0.8013119277822174,1.4723243971333915
0.7264719907208042,1.412402947761447
0.7475852993031676,1.4583301576873415
0.8980785556558065,1.607375291159551
0.7145437078247263,1.3778997858619815
0.7134994254892489,1.397302062572513
0.9413842051658842,1.6186746960797707
0.8609004802079463,1.6180403963708012
0.7740498806059692,1.5557391310781987
0.8438362729744626,1.5735421352498224
0.7801377697737837,1.543243443810285
0.654701471558019,1.2987077120620811
0.8922389885692542,1.597849148709416
0.7907654694326287,1.5150469002323113
0.7848866450852817,1.540249054817459
0.7528503666302518,1.4335317390615239
0.9150770509432573,1.6018099249260425
0.8698978758664033,1.647360627566323
0.8407588976057745,1.4531955089776434
0.868307922172191,1.5904395675308511
0.8477018857948916,1.5629328708948118
0.7936455713754123,1.5301591211750791
0.7950451702334911,1.487808327323261
0.8122172682434882,1.5922304619543217
0.8475522299177615,1.629774365727611
0.8261220275606822,1.55677575473313
0.6874661429186879,1.4042595046324668
0.9027371136208532,1.671147217030949
0.7978363672868354,1.4887576232107582
0.8332769358770624,1.5787698092157525
0.811958563288502,1.5471062462389953
0.7398313215071006,1.4554231014250978
0.7394299773842805,1.3907562127939643
0.7855660141107476,1.4745717213057457
0.7277136091376561,1.4190333914065505
0.8060555566794876,1.5219419411094357
0.7948110885667736,1.4817293954362867
0.8750845692457805,1.597072304056576
0.8616304913304298,1.6690250481334643
0.759191204855915,1.484978095813441
0.8456453558820756,1.544332523501304
0.7542982252622512,1.4649208975959669
0.8234270764108609,1.514963850816885
0.8864353053586099,1.6412477687425924
0.8681484597878364,1.5784507817961964
0.9510923530461255,1.6745650035317132
0.9422007991706214,1.705623098183477
0.7605746645928418,1.4357653286708245
0.6901833284467006,1.2700292803779176
0.7714226112802809,1.487347539365577
0.7051349301172389,1.4495280684810379
0.8372479043442077,1.5411267593844875
0.8093995963268918,1.5461398928610468
0.7684170441395803,1.5372264851794295
0.7225410895058204,1.484732206838944
0.7109322458099359,1.391459454398784
0.7434967984586804,1.470924092622806
0.8104995453185985,1.575580993444738
0.7472949735616305,1.4319542413887774
0.6590737880219575,1.3791744928187502
0.7163536605877672,1.3722188357313156
0.9535987229818857,1.7318060450293404
0.9009185188153865,1.6532746116550268
0.7606559294730042,1.4714973794862454
0.7752502884159986,1.452225042647372
0.7885990582179095,1.5366770142816486
0.7890182376837698,1.453977950626471
0.7274539203456176,1.4586611649200998
0.8558140259624,1.6094897418522218
0.7465780188855451,1.4599099256016115
0.7525182872788402,1.4554511670441441
0.9298527727389023,1.749626101059764
0.9029871853894315,1.6204646027711096
0.7848458922478266,1.481630463644485
0.8132392803367905,1.4994039148999745
1.0018131797551801,1.750065819833564
0.8818143338130833,1.6321413728185532
0.8195249412230734,1.4803491057737963
0.8415689940834284,1.536392499390777
0.8798812530562624,1.6978709919290718
0.8426357548393323,1.5732862263535847
0.7890026129187712,1.4864827649790358
0.8157763086940932,1.4871294561837012
0.8832901247228148,1.6173175090738363
0.8917702145236721,1.629330032157898
0.8100715535894494,1.5087823548118986
0.7665079063948761,1.4403832727850636
0.8688188590774009,1.57106456391122
0.8271801140103591,1.4934753692358635
0.8771943239935289,1.5777378909805393
0.8554115965206311,1.6347939067596333
0.8825533597974062,1.5946503547053783
0.815295719409049,1.49445828449457
0.727177657391106,1.4068012516698027
0.8712919056839845,1.639035230360293
0.7754026669999232,1.4821531267170935
0.907561901116286,1.6431284426764743
0.7914324710062871,1.514311977563855
0.7810418597930584,1.5250780506843882
0.7900910986741627,1.4995483798738944
0.899944427406824,1.6936991889548705
0.867012055936887,1.461013959830066
0.8196313919005918,1.5177454160318014
0.8075125302263593,1.4267110013116289
0.8512445911773491,1.6767920239005278
0.7754863906715991,1.4443713214167901
0.7373044388821375,1.4226195649870266
0.7975367511582058,1.5541140548368961
0.8066245420005199,1.5045492142435284
0.845864405814621,1.6208124735102902
0.7808913700056653,1.4286134235787094
0.794682450655944,1.4690617662779832
0.9001196665015543,1.6361393278329914
0.8668374381638269,1.524095972507547
0.937361400597766,1.5906892121023177
0.9623108792127432,1.6716934909209187
0.7992892781765745,1.4673217350101693
0.8454314987164966,1.5050417100394569
1.0104605251958108,1.8273404220404863
0.9868006371142994,1.78218558588992
0.8180181283709782,1.4908383378132566
0.7824190864938187,1.3853677378375084
0.9089922128496853,1.6744815679660583
0.7823979430018602,1.5129934150428697
0.9620391636339182,1.6841125143684392
0.8231961256717448,1.6003281122721202
0.7905351636941,1.4885121354243933
0.7894834243459098,1.4722002624185255
0.8283618991256849,1.445851105693169
0.9719258752875177,1.6899941314297342
0.7527910665288191,1.4561830408990752
0.8838203173776834,1.6792446207042782
0.9083780292596373,1.5825067852238446
0.7210125501977964,1.4110621535278385
0.7561271167616015,1.5111835201757124
0.8887776765918735,1.6372980257840068
0.7730969177164839,1.4362492507637186
0.7192405042494233,1.4462066484660907
0.746920050940679,1.4042115447355061
0.8641724837187039,1.626603269792431
0.8147968770871709,1.481785703195611
0.9050855304724565,1.7121844469378216
0.8552599234588139,1.5092644680075593
0.7059405909595975,1.3772141849563355
0.7283972626347694,1.4259997004274583
0.8382381720645473,1.5663518263900487
0.6935537603412341,1.3853995870710896
0.939854915891668,1.60603052142134
0.7644759210048221,1.49767967263167
0.8906930233898745,1.6082899833198794
0.7332217055218453,1.474825454388169
0.9034059548970537,1.555675532048742
0.8259896128881156,1.4725312844677
0.8324184638852044,1.5265323924605385
0.820245935961146,1.5602929248032615
0.7003673085304809,1.3248507244794034
0.7807280235733076,1.5252154502969377
0.7335701495585699,1.4858787372110076
0.8331914447315263,1.57862437524052
0.7467210181604247,1.498762937733733
0.8649835064518141,1.665394231827847
0.7801619601400023,1.4197434199295194
0.8023213511870205,1.5222630278427447
0.6544491458314831,1.3656597356027693
0.8613308207867747,1.5249007265542622
0.9065629295286635,1.6606680797109212
0.6379170051128541,1.3062592562939301
0.7935303653168959,1.600421198062443
0.6658136661659362,1.4246881022903997
0.8674230304958508,1.6067203070891107
0.7196804119352888,1.4622356660901492
0.7165103306302132,1.4369632309775666
0.781448218139055,1.4010224950159331
1.0181065381839118,1.7705658505007809
0.8402899918850578,1.509480225430627
0.7854099452080423,1.3987967945092041
0.8556069741981943,1.587071925524671
0.8840886642511475,1.6938487931549322
0.8084892539066109,1.526756543579949
0.6783760075506026,1.3690249782327688
0.8298747409148481,1.5796787724397197
0.846493896116697,1.5302110008546561
0.8670668907979485,1.6594668447281473
0.9045499784443789,1.6498587681192032
0.7852664889118972,1.450526867525376
0.7273093541748604,1.4566131973546579
0.830090856926469,1.6016525740371292
0.7783544405291165,1.475511039609644
0.6716689671457742,1.361490236952412
0.777811338414671,1.465926956962914
0.8197003013331825,1.47961053968541
0.848809223490487,1.5950518140616945
0.7703987658358842,1.480577299154616
0.8355922505584743,1.6164114680110708
0.7967554051740923,1.4972688712505664
0.7763987710564699,1.4436617209397522
0.830836480049132,1.467159313246026
0.8420492076004535,1.6254600426490309
0.8668180503886539,1.6008926961505454
0.868707091961195,1.5516209566159689
0.6659914204378101,1.3614444652122475
0.7270739162463726,1.5603264693103276
0.7697086508279932,1.4604463816018565
0.7080351882321712,1.3959826863092362
0.8620354729214871,1.5264459153504975
0.7629299346162203,1.4755902988195044
0.9214097421617349,1.620074075859299
0.795154340350411,1.5316892342212858
0.8333445515264433,1.4919656964977512
0.8066933485947995,1.4750894083922788
0.8621015854431432,1.5906410137573668
0.7937348457205546,1.5838965639727591
0.7723877856104241,1.4309926209918866
0.8729300997653511,1.6460253974097654
0.832548158337848,1.5588100820874107
0.845113524092751,1.5546436956205516
0.8397550175610966,1.566088114034606
0.7656534722246146,1.4219623849815577
0.7855473995214477,1.4841762611440856
0.6840423930249959,1.4342268258868163
0.8133899806349982,1.5156588870077956
0.7517398215980768,1.4726839155957565
0.6872423707426435,1.3515914657648853
0.7703640646031589,1.4458115733195063
0.6820021679790214,1.35738047242217
0.8662608718114397,1.6691317868217945
0.9558832699056424,1.7121542228275588
0.7808267247121168,1.556041175893284
0.7301851245763807,1.3825933921724427
0.7721448766064112,1.5751769208730741
0.8689573838121551,1.5822739949787534
0.6905398630876238,1.3271511591180603
0.786132382998446,1.5452397012566141
0.8562176065347538,1.5641610371344887
0.7449354966969164,1.428724658307291
0.9273737575679817,1.6410591674875592
0.794180215600248,1.5443906875137055
0.8504043647514477,1.6105804010936342
0.6639797706162234,1.4446346426944907
0.7329483187377227,1.3780889673756314
0.8504148526578587,1.5753145858424014
0.9186406167795966,1.6590361659344115
0.8113912231794227,1.536751095948579
0.6767704555724137,1.379073536197262
0.7453089170553788,1.43065455819392
0.8346268858165345,1.4855784886489682
0.810490778879634,1.5112714244538474
0.9559029994156951,1.724672958447868
0.9391152137543983,1.719746538297231
0.7556068479092072,1.487004079926012
0.754410476699212,1.4565241718784063
0.8107168219016007,1.5525932898904669
0.7463624895332758,1.4018401657614898
0.810610790679601,1.4915924145075747
0.7464071676870025,1.3510898532474733
0.8974704585502737,1.6445713942702256
0.8525831237195498,1.4986036596792798
0.8135979946473344,1.56103401412792
0.8832428784339919,1.5477647812983493
0.8050531030474986,1.5302176878316733
0.9038018912086633,1.6614829294761464
0.8378545694892124,1.5222906933590377
0.6800761701223628,1.2860744163518927
0.7790616534422664,1.437231430406517
0.8481823512659715,1.6198489675019694
0.7886374064669042,1.4683369008520437
0.7235712522934477,1.50833928685319
0.6809367535377119,1.4066979621138243
0.8670757023460665,1.6282418736755802
0.918466446398181,1.5999441472991753
0.8545773127597373,1.620431078380909
0.8090567036154613,1.5749153303519223
0.7748952086483392,1.5153509717272025
0.7441797101610359,1.478525217693949
0.7439086898338132,1.4835361987422238
0.7372019471239284,1.3862729318489952
0.8112373188066365,1.5080625516380795
0.8451670438830149,1.519026301803194
0.8579683995232625,1.6403897876031759
0.766507866434704,1.4934506996630132
0.8210184466421206,1.540527032170583
0.8374512989481744,1.6363249056303606
0.7076245686104411,1.3640708863608269
0.8185374194000938,1.6231221256360704
0.7557616871740748,1.4110580314797265
0.7781909356682378,1.5105607261629272
0.8533506964784687,1.6482335807764232
0.8559956561029873,1.6112271343018127
0.7860113823236523,1.5247222492606376
0.9112007638633909,1.6590501058320495
0.7784615460510331,1.4348821039282424
1.047583434750201,1.8572426563628444
0.8289944386593342,1.4592475801311542
0.7941828671903903,1.5327031586561841
0.80177630045512,1.402805539501848
0.7813808413853678,1.4629459682393182
0.9006094240626223,1.7015676856777349
0.8717863254903355,1.5467539756683073
0.7698785396493248,1.4523846933794349
0.8919344667450518,1.6882343685190508
0.7991958031045712,1.5055907549218492
0.8065100310213112,1.597568689571172
0.8918129641797601,1.6153813913067376
0.7131186042613247,1.421768520352984
0.8130196005022154,1.580638647608673
0.8312966875660355,1.5148324575850818
0.7726922131158213,1.5124770453075636
0.7957752050737753,1.5075930499733776
0.6855571552551303,1.3308563377885207
0.8302488195755494,1.637485859765342
0.7727907035656748,1.452395506866811
0.7483345033937518,1.485484864130699
0.8666424294437893,1.6223343370408871
0.7425614546437674,1.4693549455723893
0.7044073084282471,1.3579069452186339
0.8367482200314194,1.4725601761645069
0.7017608572249295,1.3901870266951617
0.8696707887059494,1.546863078163876
0.7451932237458412,1.4274806765975203
0.831864179406258,1.5661076155337887
0.8640841741799934,1.5476539349434744
0.7986256943621299,1.5124321444308897
0.8724485028738836,1.608023339903518
0.746658049541457,1.4822518640979994
0.9159311015029464,1.6705187828376524
0.8180660221918261,1.6314582057294644
0.7501005595175492,1.4297679133427015
0.7035039037624312,1.417299640775534
0.781612286655796,1.416917227062254
0.7931141638715605,1.4988538880695557
0.8259558975550917,1.4869881981198083
0.8099286597297184,1.544175478649678
0.7812162305024094,1.4743162648643735
0.8637564415721788,1.6364213055029215
0.8091046082012935,1.53232733924324
0.7881927246517836,1.5754889508021581
0.6325621406803665,1.3635014984921403
0.7852172683800761,1.5279916776952436
0.7139552939735342,1.4118536891414895
0.899209219584238,1.6843834673282019
0.9283498776846939,1.7137418273475375
0.7597021116079586,1.5729804581776106
0.7411945760650525,1.3924606228527325
0.8530804720570687,1.6118104538580356
0.7367491249439626,1.4415464258716295
0.9078820866692439,1.7112617390705962
0.8671316369156958,1.6534505520845855
0.7885645503793557,1.5608246044976166
0.9102990037178733,1.7604742455013902
0.8636043102809817,1.6384481610957442
0.8002412938676868,1.5004257306330469
0.9585569348729907,1.8404621044251548
0.7329977731894409,1.3690353553405488
0.8522866040281274,1.5681292190684533
0.807299915656136,1.5881266597328838
0.8135205379224453,1.5100538193328061
0.8166891638593462,1.521026033812475
0.9115842317877942,1.6211876427087732
0.8410901593842394,1.5482407580790711
0.8553011287070597,1.630580063322811
0.9029003538912478,1.605049324488621
0.7677102404372228,1.4247687574784238
0.8440268783103133,1.5554086407294239
0.702946631797775,1.4268770536636801
0.9712591172673246,1.6766598188934256
0.8152138091586573,1.5012799031428408
0.8241835369616324,1.5856175873111282
0.8610641219269212,1.5830385003580394
0.8583033250814571,1.5818524981743123
0.8521644693378592,1.5903901731662922
0.6862916116484785,1.3631958264327901
0.7203488549737853,1.4275684459990678
0.8469492129026404,1.4785565790172095
0.7017453588526693,1.4581992026908495
0.9960499452854192,1.7157757136135379
0.855533099798846,1.5572085729533354
0.9053450250899855,1.6473256839174817
0.7526013118282541,1.4886101248036818
0.8170010432743655,1.5989697717920257
0.8056107290359381,1.5704380801320315
0.7954020171944047,1.5249136018576779
0.7428898474107404,1.377340010600211
0.8402370420283184,1.5496049789040467
0.9871800931123532,1.7183137772007706
0.7318136329876982,1.5030523067819872
0.8482193870084401,1.5694593187548551
0.797966520383823,1.4875209415064006
0.6822724286603067,1.353331453169392
0.7160239381292538,1.3921727677905937
0.743140318275428,1.4309769154718728
0.7840563809525618,1.4608141537058899
0.6829062999746152,1.4094610898173143
0.9368821857355318,1.7067869275605057
0.7819597485739722,1.4793945615693493
0.764741089244236,1.5046943612396966
0.7283700692235965,1.4200234712626814
0.8121629356984208,1.588601531536285
0.8279862153466413,1.5242256760347928
0.7857964457239905,1.45260507600224
0.7662436539678528,1.5807508762574862
0.849379584036225,1.5311666261155643
0.8092824029425141,1.523057992281671
0.8604624803446761,1.5945014078024347
0.7852326720728868,1.4441260981792787
0.7991820113239751,1.5018148785161713
0.8180138747118326,1.4709719696496995
0.8818289958840133,1.5280306663341252
0.7494709370041633,1.4170431259967402
0.7705601621838718,1.4273312483168903
0.9415652545236978,1.6138612570160316
0.8642593287070354,1.613930856761435
0.984723940896465,1.7725783179454613
0.758462711022356,1.5154042194006778
0.9283924148406302,1.7124090489394526
0.7576700843430688,1.4253623743380106
0.6091999820004095,1.2479249516441349
0.9210333456174826,1.6177097218494558
0.746128494723643,1.5003493595757345
0.8237662657074427,1.5027620790500678
0.9298087487350967,1.6276198046082335
0.8668133819501513,1.5504244156313192
0.8925661004458189,1.6098468413573777
0.8219030009454197,1.4853656691776407
0.9321875975599748,1.6158625403505464
0.8075179626058414,1.515955883165894
0.8746374953540434,1.637800825648383
0.7805914824482245,1.4651270756276842
0.7550499418761859,1.4871399681299837
0.8967037639032839,1.5615305529635826
0.8704149105443975,1.6053445552353982
0.840208115586115,1.5155886728209087
0.7969051719195192,1.512050911289656
0.8170742623033029,1.5480064129694429
0.6467107633583418,1.3730278266631988
0.742735013283017,1.4780828060320583
0.7717296421053674,1.507995954175117
0.9104317066881874,1.6074869656471664
0.7014053734081486,1.3713750468950332
0.7702852299818235,1.4339065738066652
0.8723685956681478,1.490460992984184
0.8050628098764425,1.5277216369334288
0.8937779879938533,1.693906310420269
0.8337189372773806,1.631742677641263
0.8123654076885132,1.510775694003997
0.7757073729825374,1.4519912042665308
0.8271799518824487,1.5152272102496382
0.7895576504495077,1.5235583274899414
0.8694133832603717,1.6416712778943936
0.7398842907419527,1.46187598964615
0.6918666981991874,1.353124290912411
0.9079265140030829,1.6357857418261303
0.8665394759307585,1.661688781179082
0.7665362607530645,1.5354742879523726
0.841456936072967,1.556967516923486
0.7678785966351203,1.3877095998020987
0.9137053958291953,1.613750654782684
0.8229821653294433,1.5946009514446726
0.8499133163760089,1.5366812429776175
0.6976115041159774,1.3829906869885789
0.8825232237333428,1.6337674879288664
0.6966849093027365,1.4310395124575142
0.7288430885276002,1.4275331457573
0.7669834999944829,1.5044794125270062
0.6928639710044432,1.407962355653031
0.7930128526816347,1.5127500475262963
0.835530410209304,1.5793789634823188
0.7549365612276789,1.524643216669169
0.7242468330911738,1.448907083144971
0.7973073176934528,1.533711151824539
0.8670899929808394,1.629701613622626
0.969392294088885,1.6822522707859928
0.8512269893209579,1.5086939707090112
0.9223411844392319,1.692784357796465
0.7756712257482109,1.4651176364929952
0.6635550333051901,1.2708429582716423
0.813950480751291,1.512561568638529
0.7639218042618738,1.4643410337519436
0.8106648844071405,1.5230264399808837
0.6780528784418494,1.292736108334835
0.8380687267662664,1.5704683047241987
0.7667891833579534,1.388180087882972
0.8052152880092097,1.5207768480929316
0.807175678573999,1.5872992637114294
0.8894725063756977,1.6208897960658424
1.0472565716061983,1.8593706751195722
0.7463475640093793,1.4086821475811055
0.8160946116340158,1.486895711740834
0.8028941026322493,1.517438163127944
0.8896467346695646,1.649856515938809
0.6899379898878671,1.3569114281188417
0.6887372636533041,1.3546958990791313
0.8158510933369477,1.5358814264410403
0.807320319117658,1.4717485072156604
0.7820689363448878,1.510516962047907
0.7379142111406682,1.412436832998832
0.6678679566655226,1.4111067782037532
0.8058938347207458,1.4815414895300814
0.7771487751091517,1.4071901372131823
0.8334568644061641,1.503066468796595
0.89682769948025,1.6667274857459051
0.7905814665118562,1.5050828664329508
0.7572501902699457,1.4975097957597634
0.8573069420326,1.6653269225600495
0.8152653987288057,1.505805948555167
0.9346821091425782,1.6666417622924676
0.7085504886698047,1.375990695610648
0.9118394629239859,1.6399539988082774
0.8229604420970664,1.475420145475158
0.8714544690703478,1.5496902862305686
0.8361955661507431,1.5084760863223516
0.8120165643828045,1.5872892250242596
0.7871886037886678,1.5435679342750526
0.6529411770126381,1.3671197283513765
0.8873666037729978,1.6152600395734265
0.845737205161353,1.4680661560514503
0.8118380643502511,1.4995897655218986
1.0049876328399558,1.7608095658009828
0.8850605087683499,1.6728680818880926
0.9039686992397808,1.5395765948927038
0.7925595529671972,1.556761282530213
0.7283728729507276,1.5090466962587141
0.7273693622727558,1.403590779749341
0.8058476338733594,1.5550045702477535
0.7615482214648849,1.4513866474075454
0.7299914328640156,1.5077937133140173
0.7936974108044744,1.4662421748488623
0.7435155892095795,1.4008601183436031
0.8124289627016268,1.557628901136003
0.99568049144227,1.833981100902786
0.7175205538216902,1.3943690046497663
0.8400953974522413,1.4829911118429437
0.9181343127340437,1.6297071000654402
0.7804886674292127,1.4744562565698984
0.8526925819412637,1.5987008428778653
0.8431554234038338,1.5128991460896177
0.7413039519508647,1.5165396883232498
0.7591392927781329,1.3947913303428359
0.7496447544460194,1.3102650696268445
1.0144152057111127,1.739477812019296
0.7836662580181809,1.4393768653792287
0.7943601350949261,1.5148310415414736
0.8457894935394883,1.6484851629022228
0.8944097793271713,1.6208420774528949
0.9830408947319337,1.7368915310165467
0.8093471553702113,1.4950586477960206
0.7690155473860969,1.5336366985044028
0.7166723315281407,1.3678800847450838
0.7757322552325546,1.473614060217636
0.8603766101355081,1.5919598057122308
0.8268132780963829,1.5729777116336752
0.9425049540168848,1.6469763077463706
0.7859415635851302,1.517161966351412
0.6823814750780149,1.3986806999105768
0.7218581638168515,1.4975097157662471
0.8251659882248598,1.5397095563661247
1.004456788480614,1.7686335209167832
0.8139121243400728,1.5001947877958586
0.7740862186907684,1.5143143880332592
0.9500701718424411,1.7119728190428938
0.7688607809683097,1.417709831462468
0.8192845913392363,1.4997690331292717
0.7192843716279125,1.400086388980492
0.7953085717905837,1.5142434389253987
0.9681156209537912,1.6279144432681698
0.8379718494696314,1.542779467194586
0.640911257349731,1.3479857846370749
0.8193047678452821,1.5534734327681585
0.7604213677172487,1.4647305423222856
0.8324753448677786,1.5240705226611186
0.8528418974211224,1.6566392941067163
0.9012112569898048,1.661461373011176
0.6931170887273186,1.3200146255839313
0.7447521073841572,1.4211946729614136
0.862485737235131,1.5955991255988284
0.912603251853793,1.6836791333604513
0.7561617909242527,1.4699547105550241
